Model,RMSE,MAE,R2
Beta Regression,0.2853653250454104,0.23630408946448087,0.16589630238819475
XGBoost,0.27485200431222334,0.22295156057190763,0.2262236314841516
