Model,RMSE,MAE,R2
Beta Regression,0.28357746000869344,0.23425633803684054,0.1763151808320811
XGBoost,0.2707353818204198,0.21564872787936004,0.24922867233997126
